"","long","lat","marks"
"1",-87.6464041288245,41.9237538637363,10.0430755667432
"2",-87.5950469945946,41.8001817177914,9.79283528243253
"3",-87.6904861785714,42.0080613571429,7.38150189450671
"4",-87.6390554911504,41.9255215761821,10.0100523427642
"5",-87.6488779936508,41.9476973259912,10.0544904260727
"6",-87.6360210941704,41.9237192791411,9.45626251017973
"7",-87.6724314608696,42.0037407549669,8.56140144608056
"8",-87.6176783670103,41.8924967833811,9.98883921963563
"9",-87.6496261741683,41.9573000521921,9.59777727756496
"10",-87.6682556867089,41.977166677193,9.42601610844287
"11",-87.6552978256881,41.9434277972603,10.1035671642518
"12",-87.7318261898305,41.9531328952381,7.81399567500279
"13",-87.6528190734266,41.9321584855072,5.20948615284142
"14",-87.7228873333333,41.7922636666667,0.693147180559945
"15",-87.706788952381,41.9451444461538,7.81359155295243
"16",-87.5925019,41.8056552544379,7.11963563801764
"17",-87.6253530850622,41.8814023576642,10.4450266514581
"18",-87.6425910238095,41.932434117284,5.63835466933375
"19",-87.6773475835351,41.9013651934605,9.64665794356711
"20",-87.6818234170213,41.9788155023474,8.27461194620955
"21",-87.6783517433862,41.9029079724771,9.11888276148735
"22",-87.658679213894,41.9322411017442,9.63782786411884
"23",-87.650160002551,41.9523625070423,10.3194638902699
"24",-87.7075885944584,41.9295300539683,9.63384184257045
"25",-87.6701174404332,41.9893780973451,8.91355028049368
"26",-87.7026616058394,41.8908765762712,7.0647590277918
"27",-87.72458116,41.8004126521739,4.44265125649032
"28",-87.6888264473684,42.0014308114754,7.11882624906208
"29",-87.5998298039216,41.810315768559,5.75257263882563
"30",-87.6658088483754,41.9251701737589,9.51162944783418
"31",-87.6902450980392,42.0180614230769,7.18159194461187
"32",-87.623690315047,41.8970101237964,9.26558584620216
"33",-87.6643850184805,41.9431510451306,2.89037175789616
"34",-87.6880600677966,41.9503730178571,8.54907938027856
"35",-87.6672110571924,41.9669927991803,9.24203281870867
"36",-87.6806253101266,42.004565983871,7.64156444126097
"37",-87.6536821785714,41.9363333846154,5.03695260241363
"38",-87.6763058121019,41.9607062590164,8.74321260347591
"39",-87.6537341686747,41.9285413954802,9.77951037271642
"40",-87.6531052148338,41.9396865693582,10.2426347796066
"41",-87.6483310909091,41.9327556930693,9.6126003491354
"42",-87.720995,41.8084101666667,1.94591014905531
"43",-87.6525668481848,41.983657127551,9.81049468568696
"44",-87.6478734410876,41.9354832007576,9.78126341979075
"45",-87.6579915364917,41.9253139031792,9.75004495529255
"46",-87.6743490722892,41.9684737130178,9.77126958270842
"47",-87.6963058092486,41.8844648587571,7.04403289727469
"48",-87.6860659419643,41.8797945347222,7.82043951526218
"49",-87.6442926447811,41.9311387578288,10.0595506881677
"50",-87.6640657177122,41.9479761595745,9.90553545415343
"51",-87.6968878659794,41.9104818125,8.53954159508
"52",-87.5973642222222,41.795608027451,9.21203892861176
"53",-87.6496934506667,41.9424315667752,10.6453534661429
"54",-87.6071881918605,41.8172975617284,7.25841215059531
"55",-87.5843545555556,41.7951477777778,2.07944154167984
"56",-87.6791850858726,41.966066197026,9.09526616413072
"57",-87.590703257732,41.8031213991228,9.55314963005328
"58",-87.6591167436709,41.95071552,10.2882736494359
"59",-87.6598505735786,41.9737202034632,9.08375621986673
"60",-87.6854217990196,42.0158177633136,6.80239476332431
"61",-87.6650346948052,42.019539597786,7.70029520342012
"62",-87.6390556717172,41.9639672119816,10.1998072133835
"63",-87.6979439216418,41.9384618719008,8.20767442435528
"64",-87.6173078975904,41.858730721519,9.24917639576138
"65",-87.6855234719626,41.9538632747748,7.87169266432365
"66",-87.6134755175097,41.8367490319635,8.73825457652612
"67",-87.749084125,41.8019305555556,5.96100533962327
"68",-87.6971768169014,41.9227860871212,9.50962981746968
"69",-87.6654438327974,42.007950003876,8.50774873258824
"70",-87.7053533043478,41.9098308588235,8.21419441485256
"71",-87.6015402157676,41.7892345103245,9.25712853347494
"72",-87.6829380677966,42.0121325310345,6.76157276880406
"73",-87.6546758574423,41.9488812702078,9.99337395933065
"74",-87.6092303821138,41.8316341374408,8.37170488466763
"75",-87.6657547712177,41.9323397887789,8.91233856711755
"76",-87.6440226082474,41.935635,5.34710753071747
"77",-87.5880518833652,41.793854047619,9.02701831484864
"78",-87.7092845457875,41.9528561036269,7.12125245324454
"79",-87.6461337270341,41.9394445438597,9.75701564863587
"80",-87.619099030303,41.7630127846154,3.80666248977032
"81",-87.6239668382749,41.8681391827309,10.3263340584751
"82",-87.6279563450937,41.8770357058824,9.24096656551794
"83",-87.6949978461538,41.8947893703704,3.25809653802148
"84",-87.6679779678457,41.9141925114006,9.02833876399315
"85",-87.622066865,41.8864594817727,9.37475250822657
"86",-87.608506234375,41.8666836764706,9.894497260698
"87",-87.67397132282,41.8699408081841,8.82276429670376
"88",-87.7008369907407,41.9658730414508,7.70255611326858
"89",-87.6688797180617,41.9561073879599,8.1786387885907
"90",-87.6792402197802,41.9631199946237,8.92625183503453
"91",-87.6524970909091,41.69485175,2.484906649788
"92",-87.6466186275304,41.8571972887324,8.28526113406895
"93",-87.6258189959623,41.8796282276536,9.22493337427908
"94",-87.647162768546,41.8651613668831,9.38429367909962
"95",-87.6583712603406,41.965247037037,9.40746843608711
"96",-87.6499701025641,41.883104775,4.75359019110636
"97",-87.6252385969466,41.8820304964739,9.27706400401909
"98",-87.6491865216049,41.883470358804,9.82757795843578
"99",-87.6591939222615,41.8918896930233,9.69430854157229
"100",-87.6298322400612,41.8841920620155,9.71878315904038
"101",-87.6273858010899,41.8677842535211,9.99291683736255
"102",-87.6770915019157,41.8956632423208,9.33158407926155
"103",-87.6300724268908,41.8723860886956,9.79773807235252
"104",-87.6390785473684,41.9312193099174,10.4845852292875
"105",-87.6372060361446,41.9361616779141,9.94673859453044
"106",-87.6185652376238,41.890587457429,10.4773161440809
"107",-87.6505652272727,41.970117026178,9.40021665317425
"108",-87.708979,41.9719274166667,2.39789527279837
"109",-87.7012534951456,41.9319320494297,9.05543941075822
"110",-87.6446210526316,41.782454631579,4.17438726989564
"111",-87.6773231971831,41.912302244186,5.32787616878958
"112",-87.6502090289532,41.9674240564972,8.94884572927805
"113",-87.6538562101064,41.8947831820728,9.37466766539786
"114",-87.6280966792,41.8847843076132,9.82865624191312
"115",-87.6736609063604,41.8715836721698,9.37999875481674
"116",-87.656575678125,41.8582194501718,8.91583507417628
"117",-87.621760679201,41.8972401525542,9.64393931932812
"118",-87.6432895555556,41.8191375392157,6.16541785423142
"119",-87.6448592378049,41.7802070491803,6.03548143252476
"120",-87.6411563478261,41.8824821395206,10.1659287371221
"121",-87.6317054304462,41.8781230277778,9.64010777260731
"122",-87.6238754300885,41.8643421313131,9.39207842523172
"123",-87.6783907559055,41.9388409847716,8.10258642539079
"124",-87.7070460135747,41.9213363377483,9.0320506762956
"125",-87.6639221331169,41.9287703492537,9.43003799288609
"126",-87.6877803141026,41.9034068235294,8.71012492732221
"127",-87.656465451087,41.8612117962264,8.14728825870662
"128",-87.6511365660377,41.8380993732719,8.58035576637388
"129",-87.624060025,41.8722609656203,9.79071071493317
"130",-87.6588734778761,41.9390210074906,10.0536732393
"131",-87.6407722857143,41.9042054033898,8.96979630598181
"132",-87.651642263789,41.8725623265993,9.81754832785847
"133",-87.7050953157895,41.9137400404858,8.6447065117152
"134",-87.6263866888889,41.8607397956204,9.0788640091878
"135",-87.632494037037,41.8308103278689,8.21608809863232
"136",-87.6446365410385,41.8885961639042,9.97659859935345
"137",-87.6300610284302,41.8810761789941,9.81782072577904
"138",-87.6844078583691,41.9294546308411,8.78477459216102
"139",-87.6895679512195,41.9696620810811,8.37562962709445
"140",-87.6393633779264,41.8774114424779,9.48349239264364
"141",-87.7744758454545,41.8802930645161,6.1246833908942
"142",-87.6587921923077,41.6986191818182,5.50938833662798
"143",-87.7016610867925,41.9174062649007,9.67325644372002
"144",-87.641748622435,41.8937402207207,9.82471487137073
"145",-87.6400417001621,41.8795035073849,10.4832700471411
"146",-87.682119895288,41.895524,8.58316818033977
"147",-87.6715514915254,41.943732245283,7.38461038317697
"148",-87.6230642767426,41.8943491150442,10.1210153650647
"149",-87.6394537680297,41.8814899680657,9.62852425249212
"150",-87.7205463333333,41.9648878571429,1.6094379124341
"151",-87.6165597290076,41.8686626222222,10.3030016551509
"152",-87.6409362616279,41.8714385344828,7.07834157955767
"153",-87.633280619186,41.8752525232274,9.16481985667437
"154",-87.6482594920914,41.8915821256545,10.6467335643965
"155",-87.6609205927602,41.8961777633588,9.12314716027381
"156",-87.636535256579,41.8896012056075,9.12063445889169
"157",-87.6375200333041,41.8831267651458,9.25560050338105
"158",-87.631456,41.9025749285714,10.1708393585147
"159",-87.6824661984127,41.9169782775665,8.6941671418836
"160",-87.6569751087719,41.8841862508039,8.66905554072548
"161",-87.6245735715137,41.8840302214953,10.082177523096
"162",-87.6523670690608,41.8860639190938,8.73825457652612
"163",-87.6274086883895,41.8889239621318,9.69103663076066
"164",-87.6510731314387,41.8830782583893,9.15207546384421
"165",-87.6570471730769,41.8746718955823,9.08568376737663
"166",-87.672877706751,41.9080364261838,9.61707134520558
"167",-87.6391720424242,41.8703448374384,9.20039104112251
"168",-87.7632203584906,41.8801265918367,5.34710753071747
"169",-87.6276869393204,41.8738852978723,8.9599540842681
"170",-87.643707679803,41.9175857432432,9.11052003669397
"171",-87.6310200286885,41.8859473661513,9.70430463866676
"172",-87.634088625,41.7437106716418,5.33271879326537
"173",-87.6322370445026,41.8672925033333,8.90041269057708
"174",-87.6399203485647,41.882322160168,9.67401149314871
"175",-87.639818996587,41.8745207867133,8.10076824307173
"176",-87.6697260361011,41.8714772155963,9.11866358340428
"177",-87.6412072455483,41.8783080373333,9.91674922651931
"178",-87.6248771692708,41.8583000811594,9.2321018637577
"179",-87.6699827318841,41.9103943321033,9.6854559131081
"180",-87.6511727733711,41.8855729683908,9.7603097828598
"181",-87.7235623767123,41.9394064620253,7.79893331004122
"182",-87.6222457043847,41.8905903263305,9.41662256621498
"183",-87.6337850636492,41.8727050202703,9.28368376620039
"184",-87.6772089350649,41.9160219191176,9.45140242379274
"185",-87.6970457132616,41.9186097757009,8.58876938990546
"186",-87.7005954722222,41.9247088191489,5.6021188208797
"187",-87.6263437750168,41.895787096578,9.66453215017458
"188",-87.6822078881988,41.9100418986014,9.84028147663234
"189",-87.7469494375,41.928101,7.30921236569276
"190",-87.6481667620818,41.9538783514644,9.71275068614083
"191",-87.6192092857143,41.8517808415584,9.05928489705623
"192",-87.6227053246753,41.8454210487805,7.98036576511125
"193",-87.7090256448087,41.9027756666667,7.91498300584839
"194",-87.6442485670103,41.8782150938967,9.42553239350277
"195",-87.6770943214286,41.8928091410658,8.71997075677757
"196",-87.6415445285714,41.85872565625,8.33591109419694
"197",-87.677786852349,41.909578675,10.0168608797038
"198",-87.6431507007874,41.8976220661765,9.92152391502223
"199",-87.6550304277929,41.8776194170984,9.52032195192273
"200",-87.6779503947368,41.919976668435,9.28303305736962
"201",-87.6555012298507,41.8699459102564,9.59301439178353
"202",-87.6296397208238,41.9101257315789,10.9614688006733
"203",-87.6316943655054,41.8844995121359,9.61467150404314
"204",-87.6531209977974,41.9104925566038,9.56689530871434
"205",-87.642680600939,41.8998133396226,9.57727253036756
"206",-87.6173283046154,41.841836732852,9.30155125202957
"207",-87.6497396507936,41.8746931409692,9.5244209182825
"208",-87.675236921659,41.8815346086957,8.40983067308774
"209",-87.7238346575875,41.9305349726027,8.05990833457828
"210",-87.6310319163722,41.8760726167472,8.84404789894249
"211",-87.6387861163435,41.8891228869144,10.7280795753877
"212",-87.6916177923497,41.9177884154412,9.41230114402249
"213",-87.6418259072072,41.8852277105882,9.84070748441342
"214",-87.6434414579832,41.9295140840517,10.1949997805683
"215",-87.6750865350877,41.9483617818182,8.50572771330696
"216",-87.6347066288118,41.9029148530852,10.3674416703303
"217",-87.6677991004367,41.903117880109,10.0703570047712
"218",-87.6678016034483,41.9728047852564,10.0178424967735
"219",-87.6574911836066,41.8416373585859,7.73280753042202
"220",-87.6296803330893,41.878980513665,10.1909946096736
"221",-87.6354041688889,41.9065311804878,9.92216209280094
"222",-87.6350705550661,41.894643977931,10.1777803878689
"223",-87.6350131383929,41.8995361375839,9.30601412204446
"224",-87.6370635,41.8879850665702,9.86620096775011
"225",-87.6468058571429,41.8465919691358,8.11372608597075
"226",-87.6490771157556,41.9096034621212,10.0194912282924
"227",-87.6244279877751,41.8782008111455,9.5009930278728
"228",-87.6544251125,41.8844813482143,9.35409433562088
"229",-87.6703978131068,41.9433492809278,8.90449432889673
"230",-87.6444460861345,41.8845198692946,9.3647767252806
"231",-87.6776368967136,41.9319072331839,9.14931567013841
"232",-87.6611256032787,41.8828668692308,9.01286456741055
"233",-87.648640080402,41.8993384705882,8.52357279838028
"234",-87.6559929410377,41.8801095464481,9.22906398597429
"235",-87.6194266463878,41.8543449853301,8.38068594676157
"236",-87.6687688847458,41.9505843647541,9.40927319457533
"237",-87.6439481932115,41.9028115643045,9.43156207772769
"238",-87.6673296282895,41.9062588036364,9.18860587983018
"239",-87.6357181504425,41.8801968006217,9.55923512859595
"240",-87.6495813771044,41.8779462926357,10.4126517969755
"241",-87.6407077599165,41.875887872973,8.44095988541665
"242",-87.6737244199475,41.9029895884774,9.46552507883519
"243",-87.6267894989605,41.8913681399491,10.2096478462337
"244",-87.6793150028329,41.9419878267148,9.29862593684354
"245",-87.6783200753968,41.9358671057692,8.62371303479391
"246",-87.673186087963,41.9459235313807,8.31556648356428
"247",-87.689484,41.9941699912281,7.3038432252777
"248",-87.695257509434,41.8535177236842,7.08506429395255
"249",-87.700129,41.8705695,0
"250",-87.7364452272727,41.9173253913043,3.2188758248682
"251",-87.6649232758621,41.7793529701493,5.58724865840025
"252",-87.6858480306122,41.8679446122449,8.7157161275482
"253",-87.68544925,41.8489555444444,6.85118492749374
"254",-87.6595060864865,41.8691674736842,9.41767969174543
"255",-87.785437173913,41.9274254285714,7.93128476152589
"256",-87.6344918235294,41.7678354444444,5.78074351579233
"257",-87.6491891916168,41.9287973880597,10.5161023222042
"258",-87.6683467338403,41.8990770753425,9.55229753882796
"259",-87.6616746144578,41.8780213116883,9.49642116306099
"260",-87.6145097790698,41.7841204495413,6.1463292576689
"261",-87.76205268,41.9528941481481,3.46573590279973
"262",-87.686581131524,41.8749334597701,8.24170315972982
"263",-87.8072603333333,41.953127,4.26267987704132
"264",-87.6159605074627,41.7800895897436,6.44413125670044
"265",-87.7423216666667,41.9117873333333,6.54534966033442
"266",-87.6275662073733,41.8565549491525,7.9287663216267
"267",-87.6490414095477,41.9194108170426,10.391453882156
"268",-87.5973302321429,41.814717248227,7.36833968631138
"269",-87.7276879782609,41.9248759392265,7.23993259132047
"270",-87.6712600216216,41.939071810241,9.79076668247201
"271",-87.6158620810811,41.7934863294118,6.19236248947487
"272",-87.6484089815951,41.8855922261905,5.77765232322266
"273",-87.5818263125,41.7966486585366,9.53379973580348
"274",-87.639863671916,41.9403798707865,10.5292922846258
"275",-87.664200097973,41.9201925739437,9.2277872855799
"276",-87.6670770974576,41.8915345068493,8.69265796074698
"277",-87.6355015351171,41.9154056449864,10.2048876018161
"278",-87.6218546875,41.8826616067961,9.04369529456724
"279",-87.6327943194444,41.9257195266458,10.7513709557454
"280",-87.7118251843318,41.9684487635135,7.72577144158795
"281",-87.6881230748988,41.8896364094956,8.33758794211651
"282",-87.6933446721311,41.990210511811,6.62140565176413
"283",-87.6355553175715,41.8858713855499,9.66789179328268
"284",-87.7173341529412,41.946068579235,7.62119516280984
"285",-87.6454545520362,41.8435441893491,7.97522083865341
"286",-87.6629106356589,41.9008152896825,9.35131896523576
"287",-87.6908381730769,41.9339093555556,8.63355299253243
"288",-87.6358925140033,41.8965510981818,9.74196812337144
"289",-87.7189286970588,41.952831552,7.51969240411654
"290",-87.655049826087,41.958432559322,9.24261393252648
"291",-87.6263353389328,41.8899821543147,9.30027247947679
"292",-87.7008465918367,41.9609751276596,8.21093973337902
"293",-87.6373737586207,41.9182941763085,10.2767049130942
"294",-87.7122703525641,41.9484440930233,8.71768205216564
"295",-87.6317388327465,41.9079232289157,9.88700241627627
"296",-87.6715978793103,41.8950545036496,8.95325216460903
"297",-87.5865427097416,41.7999601331878,8.9300972286214
"298",-87.7399745481482,41.9470715090909,6.07534603108868
"299",-87.7029139302326,41.9461902857143,4.29045944114839
"300",-87.6442658977273,41.921929265233,10.0417701403361
"301",-87.6859128282828,41.9079901797235,8.06526520889773
"302",-87.6547647484849,41.9691935016949,9.43084043234498
"303",-87.6466333973214,41.8542568341463,7.73149202924568
"304",-87.6065849915966,41.8030386358025,7.71020519443253
"305",-87.6864608600583,41.8977002313433,8.99342737041261
"306",-87.6384796948357,41.907642654088,8.40380050406115
"307",-87.6528198709677,41.9137850267857,9.33016576504453
"308",-87.6379079791667,41.8978400186722,9.17222304986305
"309",-87.6297582847896,41.8940153345865,10.1563840619997
"310",-87.6892536258065,41.8913505575758,8.0507033814703
"311",-87.592510019802,41.7818260991736,0.693147180559945
"312",-87.6524568940887,41.9187412404692,9.68433602249146
"313",-87.6265772371795,41.8526172669323,8.21527695893663
"314",-87.6391459425587,41.9215052934473,10.0774828755836
"315",-87.6184660495575,41.8664746569767,9.19380440333608
"316",-87.6665525056497,41.9163406859504,9.57282838722921
"317",-87.6323760035587,41.8504673958333,8.3197173868506
"318",-87.7437635384615,41.9306977692308,3.36729582998647
"319",-87.6535137752809,41.9460520453752,2.07944154167984
"320",-87.6317365714286,41.8585118571429,7.59337419312129
"321",-87.6775752991453,41.8240221888889,6.41999492814714
"322",-87.7440643705882,41.9569559727891,7.36137542897735
"323",-87.67,41.69,5.75574221358691
"324",-87.7261692933333,41.873878828125,5.19295685089021
"325",-87.69,41.82,7.14282740116162
"326",-87.6341649615385,41.8570758832487,7.74066440191724
"327",-87.6712580786517,41.6858171410256,5.31811999384422
"328",-87.6569318230088,41.8826110466321,8.68996933536666
"329",-87.6975713373016,41.9031017573964,8.43032725839458
"330",-87.6452423968254,41.8017512089552,6.11589212548303
"331",-87.736252123967,41.8786116444444,5.99645208861902
"332",-87.6929459041096,41.9388387428571,8.40020983593042
"333",-87.6980733630137,41.9521557227723,8.61884684514274
"334",-87.6576148676123,41.9679032419929,9.42262517995552
"335",-87.6501967462687,41.9605429011976,9.90123501748283
"336",-87.71553664,41.9789852073171,7.02019070831193
"337",-87.7144781545455,41.9249591774892,8.24038511551633
"338",-87.6282447055394,41.9024234767278,9.754291246174
"339",-87.6203652809111,41.8956340031546,9.00270100719794
"340",-87.654670725,41.9614574786585,9.6601412939044
"341",-87.6155182974359,41.8871732179837,9.92063961135369
"342",-87.6664442857143,42.0120881419142,7.7106533235012
"343",-87.654310227027,41.855336911215,7.89133075766189
"344",-87.661959,41.757956,0
"345",-87.6513038043478,41.8591319442231,8.98256109225744
"346",-87.7102259303136,41.9167324159664,8.65730289940088
"347",-87.6858501681416,41.8540326529412,7.40671073017764
"348",-87.6718828495575,41.9325229820051,0
"349",-87.6323072156573,41.9118684149798,9.45641889457289
"350",-87.6389701857707,41.9109824760383,9.89434589461884
"351",-87.6618803064935,41.857834348659,9.04840950482996
"352",-87.6756849221312,41.8552863516484,8.06965530688617
"353",-87.5507067619048,41.6590062727273,5.37989735354046
"354",-87.6764025260116,41.9241662343234,8.70068073485016
"355",-87.6703404007936,41.8301363987342,7.36327958696304
"356",-87.6262437410714,41.906814994382,9.80128870021588
"357",-87.6678484444444,41.8956952144928,8.74464743831753
"358",-87.6637906632124,41.9392944684685,9.4801384753294
"359",-87.6301213762542,41.8989187189953,10.6102417365023
"360",-87.7676028571429,41.9173438571429,7.15851399732932
"361",-87.735309,41.8851409655172,4.85981240436167
"362",-87.76068,41.90937825,6.4377516497364
"363",-87.6780708232044,42.0162067103448,7.23993259132047
"364",-87.64571775,41.8270949593496,6.17170059741091
"365",-87.6358577988506,41.8426598804348,8.11342663994365
"366",-87.6715286544503,41.8977357554585,8.74623928838306
"367",-87.6228608936605,41.8729228100559,6.82001636467413
"368",-87.6974826064257,41.9262916616915,8.33973976601914
"369",-87.7212604117647,41.9245528333333,2.77258872223978
"370",-87.6561812123552,41.8306284742268,7.37462901521894
"371",-87.7081582566372,41.9666473657143,7.56527528189893
"372",-87.6457848494624,41.8388108546255,8.83389994290864
"373",-87.72141925,41.9378788666667,2.77258872223978
"374",-87.6742735,42.0125773956044,6.89365635460264
"375",-87.6769051725664,41.88629564,8.09773057366422
"376",-87.653056300885,41.8856881121495,5.4249500174814
"377",-87.6014156332046,41.7998169915014,9.35262087923295
"378",-87.6490112880829,41.8820390890302,10.0497500595144
"379",-87.6355708932361,41.8790886025074,9.41319957998769
"380",-87.6684591105263,41.8580313053221,8.73214326770192
"381",-87.7089095,41.9822629177215,7.01031186730723
"382",-87.7028804545455,41.7898582,3.40119738166216
"383",-87.6346455,41.9261577486034,8.76561454991472
"384",-87.6334658846154,41.8093367903226,6.69579891705849
"385",-87.6059955744681,41.7806275798319,7.32118855673948
"386",-87.7015631666667,41.8867211176471,3.09104245335832
"387",-87.7495947005988,41.9544761208054,6.74758652682932
"388",-87.5972781967213,41.7286839298246,4.77912349311153
"389",-87.698259,41.8783236666667,0.693147180559945
"390",-87.6695046709402,42.0195342959641,8.64188563537355
"391",-87.6571852688679,41.9183097905028,9.69467827290507
"392",-87.6168256666667,41.754209516129,3.8286413964891
"393",-87.6590082435897,41.9289205777778,9.70674247507645
"394",-87.7119911861042,41.9394038848485,6.89871453432999
"395",-87.6786416898734,42.0075654031008,7.09589322109753
"396",-87.6010217818792,41.7852428689459,10.1682335937049
"397",-87.6642297112676,41.957118775641,8.88917045536341
"398",-87.6538248810127,41.9219242089888,9.85172046171425
"399",-87.6643057922078,41.9537043003534,9.03658204584272
"400",-87.6883680652174,41.9577922444444,4.38202663467388
"401",-87.7039293846154,41.8047393448276,4.36944785246702
"402",-87.6639435517241,41.9440047721519,9.96024588635474
"403",-87.6834487091633,41.9022635822222,8.56063574925907
"404",-87.6945333891403,41.9466232653061,8.26178467951475
"405",-87.6615681111111,42.0040581169811,8.2393294279018
"406",-87.6435837091634,41.9146063172043,8.68761084370737
"407",-87.6937117916667,41.8711111627907,7.6685611080159
"408",-87.6712967905983,41.9948525789474,8.15104494568502
"409",-87.6542307694611,41.9253906479218,10.1197273275335
"410",-87.6224042634771,41.8985748324022,10.1906945121397
"411",-87.6685299122807,41.9286635189873,9.32036001701473
"412",-87.6736621423488,41.9575260779221,8.39162996844089
"413",-87.6383356610801,41.8947031373626,9.53322065507793
"414",-87.6466088320127,41.9490719526882,10.1960452199347
"415",-87.6443712282158,41.9374625984252,10.33802590813
"416",-87.6713227548387,41.889881524,8.89151157052756
"417",-87.6168744313726,41.8248638988095,7.25559127425367
"418",-87.66,41.77,4.23410650459726
"419",-87.67,41.71,6.22455842927536
"420",-87.78326625,41.93355825,3.13549421592915
"421",-87.6780418518518,41.895897575,5.44241771052179
"422",-87.76722,41.9420256,2.70805020110221
"423",-87.6246889230769,41.7391499333333,5.04985600724954
"424",-87.6556680186047,41.9072278636364,8.65938695711941
"425",-87.6152099736842,41.7411148648649,5.02388052084628
"426",-87.7048846043956,41.8736323614458,5.40717177146012
"427",-87.6070470601504,41.8233039701493,7.0335064842877
"428",-87.605,41.74,0
"429",-87.6194203263158,41.816670495935,7.01660968389422
"430",-87.6265255858586,41.7527575625,6.5694814204143
"431",-87.56896553125,41.7742676304348,7.66715825531915
"432",-87.7493487692308,41.9390216,7.4899708988348
"433",-87.7064821010101,41.866531475,5.91889385427315
"434",-87.65,41.71,4.30406509320417
"435",-87.66940725,41.70734475,2.56494935746154
"436",-87.694519503876,41.8666371121495,6.27664348934164
"437",-87.6066862380952,41.8097480647059,7.40367029001237
"438",-87.5883342519685,41.7879708636364,9.36263218231844
"439",-87.6893232951807,41.9103964336735,9.3179383825742
"440",-87.5868126074188,41.8027627364621,9.02401079378469
"441",-87.586467,41.7664897741935,6.09582456243222
"442",-87.722082,41.9609550909091,7.29233717617388
"443",-87.6580736078431,41.7324774310345,4.87519732320115
"444",-87.57642588,41.7665941416667,6.32076829425058
"445",-87.6803756860465,41.7938173673469,4.57471097850338
"446",-87.5665268020833,41.758625755814,6.2841341610708
"447",-87.7373565714286,41.9315682307692,3.43398720448515
"448",-87.7166085391304,41.9611585705882,7.37588214821501
"449",-87.6226038461539,41.7357553669065,6.14846829591765
"450",-87.6918134525862,41.961560845,8.73825457652612
"451",-87.7335711764706,41.9341653529412,3.63758615972639
"452",-87.5776771724138,41.7560594545455,5.20948615284142
"453",-87.7787904,41.9306952,7.21597500265147
"454",-87.6656308555858,41.8391203,7.5963923040642
"455",-87.6412981185185,41.8306313333333,7.77233157516961
"456",-87.6972776666667,41.9002663333333,8.64822145382264
"457",-87.5658770344828,41.7133064827586,5.0998664278242
"458",-87.6328531287554,41.8356119617834,8.18535022317869
"459",-87.5661876994536,41.7669465693431,7.32712329225929
"460",-87.696154671875,41.9687760921053,8.0643219609108
"461",-87.65486484,41.7888983194444,6.0913098820777
"462",-87.6149750946328,41.892832340249,11.3161438638341
"463",-87.7086114,41.9902213571429,2.89037175789616
"464",-87.697936368421,41.97448925,3.2188758248682
"465",-87.612509,41.68660025,1.38629436111989
"466",-87.6849017109974,41.9630392591093,8.77090474429687
"467",-87.75,41.91,6.69703424766648
"468",-87.7289985044248,41.9610740172414,7.73061406606374
"469",-87.635348106383,41.8384258658537,8.63639743889471
"470",-87.5842314166667,41.8009534615385,2.484906649788
"471",-87.7164784032258,41.9351829545455,8.10892415597534
"472",-87.6337015670103,41.795266255102,6.58617165485467
"473",-87.7058396804511,41.9610391055276,8.4497705150988
"474",-87.6957237882353,41.9606204522613,8.20412493257404
"475",-87.6645330961538,41.8088690104167,6.19440539110467
"476",-87.6511431572052,41.8625261954023,8.56293108309009
"477",-87.6214218876405,41.8216677403846,5.92425579741453
"478",-87.6056474615385,41.7737357108434,6.08449941307517
"479",-87.5869252073171,41.7586798571429,5.91620206260743
"480",-87.7373773333333,41.9666921666667,1.6094379124341
"481",-87.71,41.86,5.76205138278018
"482",-87.6738264046053,41.9543610796813,8.71374633045692
"483",-87.6882612205882,42.0123409,6.53813982376767
"484",-87.6012732222222,41.7364634074074,5.24702407216049
"485",-87.6183695813953,41.7071544761905,5.32300997913841
"486",-87.607615338983,41.7073103278689,4.89783979995091
"487",-87.603828,41.7418858899083,5.99893656194668
"488",-87.7042492272727,41.8553479280576,6.42486902390539
"489",-87.6405640625,41.8496700076336,7.6226639513236
"490",-87.592224,41.772074,6.09582456243222
"491",-87.55718232,41.6662824761905,4.52178857704904
"492",-87.7013983333333,41.9839381111111,7.19218205871325
"493",-87.747189,41.9497978888889,2.484906649788
"494",-87.6050722878788,41.7657404107143,5.90263333340137
"495",-87.5484797761194,41.7373475471698,6.3578422665081
"496",-87.6655932380952,41.8234386268657,5.73657229747919
"497",-87.5863333584906,41.7386274464286,5.03695260241363
"498",-87.6602076666667,41.8090976666667,4.85203026391962
"499",-87.7160069314286,41.844560446281,6.08449941307517
"500",-87.673374835443,41.8767032402597,8.4755375161474
"501",-87.625322375,41.7977219,5.56452040732269
"502",-87.7054098448276,41.8481049313725,5.74620319054015
"503",-87.5512095384615,41.7446233793103,5.28320372873799
"504",-87.724866,41.8170328333333,1.6094379124341
"505",-87.6803434603175,41.8897565409836,8.25088114470065
"506",-87.75953,41.930701,7.65681009148038
"507",-87.6756495,41.849207990991,7.62900388965296
"508",-87.6780291818182,41.8318213636364,2.484906649788
"509",-87.6935165555556,41.8619143245614,7.40427911803727
"510",-87.6288272333333,41.8971265902367,9.13680146864131
"511",-87.6540908584475,41.8964212885154,9.47008582573494
"512",-87.6319023445946,41.8794932839269,8.51699317141357
"513",-87.7261179452055,41.8821209545455,4.59511985013459
"514",-87.7299256666667,41.9417963333333,7.74975340627444
"515",-87.692234,41.7710846666667,5.76205138278018
"516",-87.7105364736842,41.7861106666667,2.94443897916644
"517",-87.694921847619,41.8437104555556,5.91350300563827
"518",-87.7,41.69,4.26267987704132
"519",-87.5789619230769,41.7221128518519,4.77912349311153
"520",-87.6813085652174,41.6912180743802,5.95324333428778
"521",-87.7008489767442,41.9415076976744,8.0494270571107
"522",-87.5601781374046,41.7630416782609,6.22653666928747
"523",-87.7042124,41.9540367586207,3.8286413964891
"524",-87.673481375,41.6918785,2.19722457733622
"525",-87.6869526666667,41.6909826666667,4.76217393479776
"526",-87.69,42.01,6.48463523563525
"527",-87.6675065092593,41.8153877012987,5.96614673912369
"528",-87.6705684698795,42.0109332183908,7.51425465281641
"529",-87.6845389605263,41.8665268239437,8.38206051742474
"530",-87.7858652222222,41.9523218888889,3.87120101090789
"531",-87.6814025,41.7188335,2.99573227355399
"532",-87.6433807033898,41.72072,5.72031177660741
"533",-87.6973637777778,41.9906382,2.19722457733622
"534",-87.7027486,41.9885211111111,2.30258509299405
"535",-87.7720084,41.9386305,7.02108396428914
"536",-87.699431047619,41.9138867857143,4.52178857704904
"537",-87.6974059375,42.0191772125984,6.57088296233958
"538",-87.78688,41.9401087142857,2.63905732961526
"539",-87.717772,41.8957413333333,2.19722457733622
"540",-87.7244495555556,41.953290125,2.07944154167984
"541",-87.7171644210526,41.8860339555556,6.75809450442773
"542",-87.5919413012048,41.8094811721854,7.86365126544865
"543",-87.7878745714286,41.9386084285714,2.07944154167984
"544",-87.7096216666667,41.968924,0.693147180559945
"545",-87.7390888666667,41.9221416,2.99573227355399
"546",-87.6441018,41.7751917,0
"547",-87.6370917368421,41.6687795483871,5.41610040220442
"548",-87.656886452381,41.7407578139535,4.99043258677874
"549",-87.6262668593117,41.8868823105066,9.48516514242541
"550",-87.6545202270916,41.9538879913295,9.88837391472608
"551",-87.6240567290249,41.9009400611511,10.5879218862436
"552",-87.68341275,41.8049484444444,6.10479323241498
"553",-87.6590955555556,41.8867798286517,8.80792062205398
"554",-87.6326109,41.8945998062575,9.43548192595306
"555",-87.6477045459057,41.9452287138365,10.005863619153
"556",-87.6245800848624,41.8858599184248,10.0367939198444
"557",-87.6326654681979,41.8827062566372,9.09750756370184
"558",-87.6929293076923,41.97948764,7.90838715929004
"559",-87.6098794642857,41.7647723103448,4.24849524204936
"560",-87.6377225471014,41.902788,8.69968140098951
"561",-87.7167457736842,41.9141886607143,8.15104494568502
"562",-87.680895859589,41.9123523251748,9.47393464889887
"563",-87.6180469133858,41.8313854885057,8.30176976311717
"564",-87.6265818965517,41.82303964,5.29330482472449
"565",-87.7109893333333,41.9311511666667,8.98230989908858
"566",-87.6920648571429,41.9025274285714,2.07944154167984
"567",-87.5308133125,41.7137208,5.8636311755981
"568",-87.761441625,41.938554625,2.70805020110221
"569",-87.711070625,41.793851,5.78689738136671
"570",-87.6999377142857,42.01183,1.79175946922805
"571",-87.6907726,41.953454375,3.66356164612965
"572",-87.7089,41.8109465,6.11146733950268
"573",-87.7453924333333,41.8868817254902,5.5683445037611
"574",-87.7251983333333,41.840041,0
"575",-87.70225825,41.859482,1.94591014905531
"576",-87.6854559,41.8422746741573,5.65248918026865
"577",-87.688275,41.787508,1.09861228866811
"578",-87.6832128373984,41.8266820113636,6.34035930372775
"579",-87.6508977659575,41.8236307173913,4.99721227376411
"580",-87.7148743188406,41.8541734920635,6.70441435496411
"581",-87.7266704329897,41.8850983695652,5.41164605185504
"582",-87.7,41.87,5.93224518744801
"583",-87.6863106,41.884301875,2.77258872223978
"584",-87.7547532159091,41.8796562253521,6.24222326545517
"585",-87.717168,41.8390182222222,6.89669433162271
"586",-87.602186,41.7067055,2.77258872223978
"587",-87.658955509434,41.8018120714286,4.67282883446191
"588",-87.6906143783784,41.8516531470588,7.47760424319759
"589",-87.6655283506494,41.7946366027397,5.30330490805908
"590",-87.6951460923077,41.8491364,6.61472560020376
"591",-87.7094576,41.9053790909091,2.30258509299405
"592",-87.7557396823529,41.8928573012048,5.20948615284142
"593",-87.6346355140845,41.8161933925234,5.52146091786225
"594",-87.71100975,41.982216,0
"595",-87.5737570638298,41.6858807727273,5.63121178182137
"596",-87.61695315625,41.7655174375,4.49980967033027
"597",-87.8071187272727,41.9490221666667,6.95272864462487
"598",-87.83247325,41.9515285,2.94443897916644
"599",-87.66,41.74,5.57594910314632
"600",-87.7221026666667,41.812262,1.6094379124341
"601",-87.6444475897436,41.7946055897436,5.01727983681492
"602",-87.73,41.88,5.605802066296
"603",-87.6094425,41.776188,2.30258509299405
"604",-87.7584912857143,41.9279599285714,3.61091791264422
"605",-87.7095231818182,41.9100482727273,8.27410200229233
"606",-87.6634844285714,41.7591821935484,4.66343909411207
"607",-87.549604755102,41.7283480263158,6.04025471127741
"608",-87.77,41.93,7.4759059693674
"609",-87.5479593333333,41.6524203333333,3.80666248977032
"610",-87.53,41.71,3.40119738166216
"611",-87.722241875,41.78368075,1.94591014905531
"612",-87.732567,41.9099523333333,1.09861228866811
"613",-87.5984536790124,41.7204770776699,5.4249500174814
"614",-87.5284170425532,41.7046283111111,5.45958551414416
"615",-87.7654626990291,41.8876801428571,5.61677109766657
"616",-87.7791172857143,41.9464938571429,6.26909628370626
"617",-87.5902277627119,41.7095475671642,5.37527840768417
"618",-87.7117003333333,41.9393137142857,8.38685668968823
"619",-87.701738,41.7995445,7.60589000105312
"620",-87.5843090952381,41.7996212857143,3.09104245335832
"621",-87.6897006666667,41.98683575,6.6631326959908
"622",-87.7049748571429,41.9811446923077,2.56494935746154
"623",-87.7085176,41.776143,4.27666611901606
"624",-87.67,41.81,6.02102334934953
"625",-87.5774608455284,41.7735042924528,6.361302477573
"626",-87.7175825,41.7065536666667,5.4249500174814
"627",-87.583933765625,41.7917833130435,8.65538869016764
"628",-87.6840201517028,41.9688245486111,8.10137467122858
"629",-87.6597048913043,41.9779157848101,9.51125944745996
"630",-87.7192662307692,41.9317661333333,8.33447155460094
"631",-87.697092,41.8086435,6.78784498230958
"632",-87.7559638421053,41.87923175,4.45434729625351
"633",-87.7113195263158,41.7010347169811,3.29583686600433
"634",-87.75,41.81,4.34380542185368
"635",-87.738368,41.7864314285714,6.19440539110467
"636",-87.6862075454546,41.7936091,2.70805020110221
"637",-87.6624020222222,42.0105869212121,8.14844566624324
"638",-87.7860838,41.91691775,6.23832462503951
"639",-87.6082825072464,41.7567041964286,5.50125821054473
"640",-87.6736784827586,41.759282375,4.47733681447821
"641",-87.751036625,41.923471875,3.04452243772342
"642",-87.64369449,41.7525210253165,5.33271879326537
"643",-87.7155026,41.8756713676471,5.32300997913841
"644",-87.7,41.86,6.95939851213398
"645",-87.8010119090909,41.9309702727273,6.3578422665081
"646",-87.6297967699115,41.7800871724138,6.46302945692067
"647",-87.56,41.74,4.89783979995091
"648",-87.7019136,41.816377,1.6094379124341
"649",-87.7307645833333,41.8078382727273,6.10924758276437
"650",-87.697649,42.0111235,0
"651",-87.7049,41.878328,0.693147180559945
"652",-87.6619385,41.737822,1.79175946922805
"653",-87.5598605714286,41.7028566170213,4.9416424226093
"654",-87.6754968333333,41.7941248653846,5.11799381241676
"655",-87.6227498965517,41.6706790769231,4.43081679884331
"656",-87.6205035172414,41.764652962963,4.9272536851572
"657",-87.8115636666667,41.9449655714286,1.94591014905531
"658",-87.77,41.89,5.5834963087817
"659",-87.7980876666667,41.9095313333333,0.693147180559945
"660",-87.705,41.69,1.6094379124341
"661",-87.7961476428571,41.93419275,2.56494935746154
"662",-87.7,41.78,6.72623340235875
"663",-87.71,41.9,7.42892719480227
"664",-87.628109,41.819374,0
"665",-87.5908625,41.809832,6.62406522779989
"666",-87.6,41.72,4.54329478227
"667",-87.8234931666667,41.9440176666667,5.42934562895444
"668",-87.620505,41.6798933333333,0.693147180559945
"669",-87.68,41.69,5.54517744447956
"670",-87.65,41.69,5.9295891433899
"671",-87.6123268604651,41.7002066428571,4.80402104473326
"672",-87.61,41.81,6.47697236288968
"673",-87.6930208823529,41.8133619375,2.77258872223978
"674",-87.69,41.78,5.46806014113513
"675",-87.6958435,41.8593179090909,2.484906649788
"676",-87.7744575597015,41.8879289222222,6.20253551718792
"677",-87.7020596666667,41.781708,0.693147180559945
"678",-87.5988920526316,41.6950817627119,5.32787616878958
"679",-87.8048423333333,41.92182,5.01063529409626
"680",-87.7466564489796,41.8721419777778,5.10594547390058
"681",-87.63049925,41.678501,3.91202300542815
"682",-87.7456305,41.916506,1.38629436111989
"683",-87.721821,41.7793585,0
"684",-87.775395,41.92816725,1.38629436111989
"685",-87.6158409444444,41.6686723529412,0.693147180559945
"686",-87.5462182888889,41.6485847142857,5.06259503302697
"687",-87.7,41.79,7.27239839257005
"688",-87.7453932857143,41.877616015873,5.00394630594546
"689",-87.735,41.91,0.693147180559945
"690",-87.7165473468208,41.9096680348837,8.04012466444838
"691",-87.6922635,41.829092,5.55295958492162
"692",-87.7027721590909,41.9721445,8.08394570229562
"693",-87.71,41.78,6.56667242980324
"694",-87.599139,41.698524,0
"695",-87.6420136666667,41.7204436666667,4.68213122712422
"696",-87.7350477651515,41.960560218543,7.42356844425917
"697",-87.7692765,41.9112925,0
"698",-87.5853188586957,41.7734535128205,6.13988455222626
"699",-87.7264113636364,41.9404980909091,2.56494935746154
"700",-87.6016379814815,41.7564560833333,5.37989735354046
"701",-87.7299244444444,41.9531657,2.30258509299405
"702",-87.69,41.8,6.25382881157547
"703",-87.8016816666667,41.9218901666667,2.07944154167984
"704",-87.733834,41.802031375,2.07944154167984
"705",-87.7310745,41.8421085,3.36729582998647
"706",-87.6679736764706,41.712863034188,5.82894561761021
"707",-87.689452,41.790237,6.70563909486
"708",-87.6546438191489,41.7276968860759,6.11146733950268
"709",-87.704906,41.8130108333333,4.20469261939097
"710",-87.65,41.72,4.91265488573605
"711",-87.75,41.9,6.81234509417748
"712",-87.683163,41.8087283333333,6.0913098820777
"713",-87.728484,41.92479625,7.60837447438078
"714",-87.7485822,41.8951223333333,1.6094379124341
"715",-87.7027365,41.7886546,1.38629436111989
"716",-87.73036175,41.83771625,5.02388052084628
"717",-87.68,41.7,5.55682806169954
"718",-87.71836075,41.7799115,1.6094379124341
"719",-87.7,42,7.19518732017871
"720",-87.585986490566,41.7465693548387,5.93753620508243
"721",-87.7241319090909,41.853103,2.83321334405622
"722",-87.72,41.81,6.37842618365159
"723",-87.7862785,41.9232247142857,6.45833828334479
"724",-87.6424239701493,41.7051749591837,4.94875989037817
"725",-87.6997392,41.9988586,1.38629436111989
"726",-87.7001435,41.847455,6.86066367144829
"727",-87.7332381818182,41.8958752727273,2.39789527279837
"728",-87.7553689375,41.8874791012658,5.48893772615669
"729",-87.7549286,41.90689125,1.09861228866811
"730",-87.7718132857143,41.9230981428571,2.70805020110221
"731",-87.6898445,41.998166,6.83733281468559
"732",-87.628845,41.6917213333333,1.09861228866811
"733",-87.59,41.78,7.5207764150628
"734",-87.7199795,41.94831,7.43070708254597
"735",-87.7033606666667,41.8110582,1.94591014905531
"736",-87.6335519433962,41.7776225217391,5.13579843705026
"737",-87.8294893333333,41.9484243333333,5.31811999384422
"738",-87.766543,41.9301317777778,2.484906649788
"739",-87.728717,41.9253982142857,7.51043055637801
"740",-87.63,41.7,4.0943445622221
"741",-87.7701506666667,41.909823,6.13556489108174
"742",-87.6282284137931,41.769269049505,6.52356230614951
"743",-87.6691125308642,41.6993652253521,5.91079664404053
"744",-87.6449360491071,41.9638866818182,9.0808010006212
"745",-87.67,41.75,4.81218435537242
"746",-87.6470632225519,41.872070108871,9.82092082887917
"747",-87.6326821636364,41.8536934383562,9.23756635822977
"748",-87.673812726257,42.0177594860335,8.28248300373056
"749",-87.667014393617,41.864834,8.28576542051433
"750",-87.6345963621964,41.8901277844311,10.1267510966509
"751",-87.6477066785047,41.8849538106061,1.79175946922805
"752",-87.6308813688156,41.8965730233333,9.40804303080844
"753",-87.6605215625,41.9838354033613,8.94389780251682
"754",-87.6929816347032,41.9747122045455,7.94307271727793
"755",-87.7062297254902,41.8954791986301,6.86380339145295
"756",-87.6218644172185,41.8387809883721,8.71980745147795
"757",-87.693686902027,41.9658505748988,8.26410576372896
"758",-87.6661434323308,41.9608923167702,8.92558733903028
"759",-87.62003342524,41.8846541345895,11.0026330323659
"760",-87.6288737190635,41.8967395590551,10.0575810878735
"761",-87.6527513050847,41.9324137959866,9.97119292889014
"762",-87.6495006445183,41.9106477306502,9.95873302676211
"763",-87.6426955281125,41.8803880901099,9.17460956202038
"764",-87.6345371578947,41.8974097226667,7.68982866873648
"765",-87.7072885576923,41.9338297307692,4.63472898822964
"766",-87.6488352886076,41.9139969836066,9.40038205178528
"767",-87.6570517536232,41.7049461492537,5.50125821054473
"768",-87.6690692677596,41.873180944186,9.14409372615726
"769",-87.6295898811881,41.8757773556797,8.77276520994979
"770",-87.6696535259259,41.9826962319588,9.69578664740278
"771",-87.6352543483146,41.8779455965123,9.75103542934445
"772",-87.6015716894118,41.7946940557185,9.9379855929437
"773",-87.6533663591549,41.9178952743363,5.6021188208797
"774",-87.6674243924051,41.886204352459,8.65782432115598
"775",-87.6246178563107,41.8764504581818,9.55421372407771
"776",-87.6832483333333,41.9396370551181,8.44698529637274
"777",-87.6642182097378,41.9131040983607,8.09620827165004
"778",-87.6183324093646,41.8945673440939,9.6542566664586
"779",-87.647416025641,41.8096506823529,4.68213122712422
"780",-87.6260997083333,41.8344625103734,9.70953865950119
"781",-87.6350092063492,41.9119866137072,10.5360616724503
"782",-87.6087690749414,41.8400546027397,9.11449004631935
"783",-87.6448291751152,41.9094487921147,8.93419153533807
"784",-87.6742641068966,42.009045086758,8.25556865328375
"785",-87.6607557969543,41.9946293300971,8.95131054209756
"786",-87.6867549762533,41.915626344473,9.33344256911017
"787",-87.6320025625,41.8907758432749,10.7394355317277
"788",-87.641438062931,41.8834143836538,10.2899397214624
"789",-87.6311414422442,41.8708169575758,9.36990494164752
"790",-87.6675114663573,41.9149873004202,2.94443897916644
"791",-87.6258644210526,41.8708037829787,9.61085993769133
"792",-87.6596953485714,41.9884876858407,9.46815584482167
"793",-87.6615386796875,42.000297975,8.93721845085573
"794",-87.7290426666667,41.7749698571429,2.07944154167984
"795",-87.6896962105263,41.8231541052632,3.80666248977032
"796",-87.7017939224806,41.8448339054054,5.92425579741453
"797",-87.6116827575758,41.7292694848485,4.59511985013459
"798",-87.7260064166667,41.8369470714286,4.66343909411207
"799",-87.7147113333333,41.77935,0.693147180559945
"800",-87.7416625454545,41.920605,2.484906649788
"801",-87.717698,41.9591125,0
"802",-87.6683994,41.7303565967742,5.52942908751142
"803",-87.6646925949367,41.8030063939394,5.46383180502561
"804",-87.760833125,41.9224065,2.30258509299405
"805",-87.8078745,41.94119675,1.94591014905531
"806",-87.6835988145695,41.9911697304965,7.48155570190952
"807",-87.7308065241379,41.9451775120482,6.67959918584438
"808",-87.7398226327684,41.9520022587413,6.4831073514572
"809",-87.62,41.81,6.48004456192665
"810",-87.71873,41.939388,7.67693714581808
"811",-87.681698,41.7804875,1.09861228866811
"812",-87.6756693866667,41.8024828695652,5.06890420222023
"813",-87.6163400873016,41.8098497542373,6.48157712927643
"814",-87.6453881294118,41.6850598955224,5.32300997913841
"815",-87.6794537958333,41.9756387968127,8.53050420547591
"816",-87.7303733333333,41.7922106666667,0.693147180559945
"817",-87.6357376920777,41.890720077961,9.55080462986693
"818",-87.6198170838852,41.8577213842795,9.29734341559776
"819",-87.7167295384615,41.8989528461538,2.70805020110221
"820",-87.530686,41.7382936666667,4.64439089914137
"821",-87.6542275757576,41.7702621944444,6.74170069465205
"822",-87.6183261153846,41.801579035461,7.00760061395185
"823",-87.599912452954,41.7915626133333,10.6818716199422
"824",-87.6612140491159,41.8724767679739,4.59511985013459
"825",-87.7092795722892,41.9756722222222,7.22183582528845
"826",-87.77,41.9,5.29831736654804
"827",-87.646902124424,41.8298785605096,8.28853445941392
"828",-87.6203545,41.7193105,0
"829",-87.6780182752294,41.9786533509934,7.75619534394812
"830",-87.6974750909091,41.9979075,2.484906649788
"831",-87.657013830303,41.8650322047244,7.01660968389422
"832",-87.7014357880795,41.9756628195876,7.85010354517558
"833",-87.6928333382353,41.9203974960937,9.04758612067476
"834",-87.6487261648936,41.8673914198473,9.57990192573799
"835",-87.6806660714286,41.8287443453237,7.70391020961631
"836",-87.6175713161004,41.8859940182161,9.44343425414356
"837",-87.6963933174603,41.9836578510638,6.97073007814353
"838",-87.705440037037,41.9396972413793,3.91202300542815
"839",-87.6770841714286,41.8082124235294,5.77765232322266
"840",-87.7063536190476,41.9502360666667,4.56434819146784
"841",-87.68,41.78,5.51342874616498
"842",-87.6872207142857,41.8007901428571,1.79175946922805
"843",-87.6835938325991,41.9461015630252,8.1426451859428
"844",-87.6699878070175,41.9350947580645,8.88710020412369
"845",-87.6963308722892,41.9007692133333,8.43163530305459
"846",-87.6209431931559,41.8920126222404,9.8584378839824
"847",-87.671696545082,41.9612331,8.905037290767
"848",-87.74,41.92,7.76046702921342
"849",-87.7395645714286,41.9426242222222,7.19218205871325
"850",-87.68,41.72,6.01126717440416
"851",-87.6269978396501,41.8312418021201,8.65660724719891
"852",-87.6803940510204,41.9555315573123,8.72907355045174
"853",-87.764892696,41.8949848571429,6.0282785202307
"854",-87.6367636901408,41.9325064285714,10.0353488012464
"855",-87.6273238978102,41.8424249333333,7.986504938554
"856",-87.6527029469965,41.9362034980237,9.83980200085
"857",-87.6083881636364,41.7189452346939,6.62273632394984
"858",-87.6410046702128,41.8671717368421,9.09627541568821
"859",-87.6874505566038,41.9430599029126,8.29804166137157
"860",-87.6635095951417,41.8547505384615,8.18590748148232
"861",-87.7059516641791,41.8850932616279,7.0335064842877
"862",-87.5398987222222,41.65188788,4.87519732320115
"863",-87.7332701818182,41.9021934545455,4.66343909411207
"864",-87.6082176868687,41.7924643963964,7.34018683532012
"865",-87.6183997647059,41.835253815534,9.14889040965996
"866",-87.6638724341463,41.935419883549,9.52464003233223
"867",-87.5964145714286,41.7804947333333,2.94443897916644
"868",-87.749559,41.9173426,2.70805020110221
"869",-87.7147146043165,41.8488787818182,6.81454289725996
"870",-87.680823,41.70124,4.79579054559674
"871",-87.6731465637255,41.8750200534351,8.25712628599743
"872",-87.6884423923445,41.9662742014388,9.06392635352065
"873",-87.6317823366556,41.9029172289989,9.19796410090813
"874",-87.7597066666667,41.9184366666667,7.35755620091035
"875",-87.774568525,41.8948494810127,5.65948221575962
"876",-87.6132874,41.6923742,2.39789527279837
"877",-87.7354786,41.94733675,1.38629436111989
"878",-87.7407430357143,41.8802629577465,5.88610403145016
"879",-87.5875849642857,41.78108248,3.66356164612965
"880",-87.67,41.8,5.45958551414416
"881",-87.7222493333333,41.843054,1.09861228866811
"882",-87.593425,41.7640889,4.61512051684126
"883",-87.62474025,41.7217435454545,6.93634273583405
"884",-87.7320915,41.909951,7.27031288607902
"885",-87.68152025,41.7252954,4.59511985013459
"886",-87.71,41.87,6.37161184723186
"887",-87.7036406666667,41.84236,2.19722457733622
"888",-87.6446018222222,41.7690429574468,6.16331480403464
"889",-87.5762895930233,41.7809469240506,6.78219205600679
"890",-87.5304767538462,41.6917520178571,6.21060007702465
"891",-87.6100527058824,41.6915577118644,6.61069604471776
"892",-87.5936456,41.7076684444444,2.63905732961526
"893",-87.74737425,41.926861,1.09861228866811
"894",-87.7645019318182,41.8730060408163,4.75359019110636
"895",-87.7165606666667,41.8619741666667,2.30258509299405
"896",-87.63,41.74,5.32300997913841
"897",-87.69,41.81,6.3026189757449
"898",-87.77,41.88,4.9416424226093
"899",-87.5541316944445,41.7492315675676,5.76519110278484
"900",-87.5512014615385,41.7133085833333,4.89783979995091
"901",-87.7009490227273,41.6923878809524,5.09375020080676
"902",-87.681204345679,41.7043202131148,5.56068163101553
"903",-87.7047325,41.9984146666667,1.09861228866811
"904",-87.701857,41.7975805,0
"905",-87.750492,41.9010865,0
"906",-87.770343,41.901474,0.693147180559945
"907",-87.74,41.93,7.65207074611648
"908",-87.7316715,41.881012,0
"909",-87.730908,41.8604633333333,2.30258509299405
"910",-87.7711076666667,41.8671136666667,1.09861228866811
"911",-87.5584909428571,41.7336861621622,4.82028156560504
"912",-87.72,41.79,6.44413125670044
"913",-87.5726680952381,41.7372016756757,4.91265488573605
"914",-87.799717,41.930465,7.00397413672268
"915",-87.701644,41.8394184,5.6970934865054
"916",-87.6213506818182,41.6874253,4.17438726989564
"917",-87.6312079677419,41.75796425,4.97673374242057
"918",-87.68,41.71,5.77455154554441
"919",-87.57,41.72,4.88280192258637
"920",-87.6448187654321,41.7649766896552,5.05624580534831
"921",-87.73,41.84,6.70686233660275
"922",-87.73,41.85,5.53338948872752
"923",-87.68,41.86,7.02553831463852
"924",-87.5783289,41.7517715,5.19295685089021
"925",-87.7171594,41.8915084,2.89037175789616
"926",-87.7569915,41.91774675,1.09861228866811
"927",-87.6161054,41.8017466,1.38629436111989
"928",-87.7223795,41.7730021666667,5.40267738187228
"929",-87.54,41.72,4.14313472639153
"930",-87.719768,41.804781,0
"931",-87.7171275,41.8498193333333,1.79175946922805
"932",-87.73215,41.9414742857143,1.79175946922805
"933",-87.5857864857143,41.73140378125,5.31811999384422
"934",-87.5419728857143,41.6884900322581,3.52636052461616
"935",-87.644859,41.818152,0.693147180559945
"936",-87.7214815,41.798558,0
"937",-87.66376396875,41.7740721071429,4.15888308335967
"938",-87.71,41.79,6.7286286130847
"939",-87.6890653333333,41.779204,1.09861228866811
"940",-87.79,41.94,6.71780469502369
"941",-87.65,41.79,5.01063529409626
"942",-87.71,41.98,6.69950034016168
"943",-87.63,41.82,5.35185813347607
"944",-87.62,41.82,6.1246833908942
"945",-87.71,41.97,7.37963215260955
"946",-87.6808305,41.7019255,0.693147180559945
"947",-87.6448999642857,41.7378494318182,5.24174701505964
"948",-87.7849906,41.92191925,1.6094379124341
"949",-87.7180896666667,41.859266,1.79175946922805
"950",-87.6608265,41.800722,4.91265488573605
"951",-87.699853,41.8211575,0
"952",-87.7994069230769,41.944445,2.77258872223978
"953",-87.67,41.77,3.63758615972639
"954",-87.56,41.73,3.85014760171006
"955",-87.692745,41.8401653333333,4.75359019110636
"956",-87.59,41.76,4.72738781871234
"957",-87.732165,41.7790243333333,1.94591014905531
"958",-87.64,41.72,4.99721227376411
"959",-87.64,41.75,3.91202300542815
"960",-87.7553685,41.9390983333333,0.693147180559945
"961",-87.65,41.73,4.74493212836325
"962",-87.71,41.84,6.0282785202307
"963",-87.609583,41.8049806666667,0
"964",-87.6590153617021,41.8843040526316,5.605802066296
"965",-87.73,41.79,6.11589212548303
"966",-87.6481438693694,41.8867616227273,6.45990445437753
"967",-87.5988380666667,41.6570727407407,4.57471097850338
"968",-87.5884265,41.780253,6.15909538849193
"969",-87.758585,41.9493615,7.38336814699238
"970",-87.73,41.87,5.04342511691925
"971",-87.721465,41.9209265,8.45871626165726
"972",-87.702841875,41.780050375,2.39789527279837
"973",-87.577173,41.7416475,4.44265125649032
"974",-87.58,41.74,5.08759633523238
"975",-87.725,41.82,5.62040086571715
"976",-87.75,41.92,7.79193595693806
"977",-87.6351646666667,41.6911975,0.693147180559945
"978",-87.564612,41.7178995714286,4.14313472639153
"979",-87.8,41.92,6.32076829425058
"980",-87.61,41.76,5.70711026474888
"981",-87.681032,41.6933085,1.38629436111989
"982",-87.8,41.94,5.86929691313377
"983",-87.718471,41.96798,0.693147180559945
"984",-87.700256,41.7794755,0
"985",-87.6,41.82,6.63200177739563
"986",-87.65,41.7,4.84418708645859
"987",-87.7,41.705,0.693147180559945
"988",-87.56,41.76,5.69035945432406
"989",-87.6348827407407,41.7276299259259,4.57471097850338
"990",-87.658158,41.7893315,4.12713438504509
"991",-87.55,41.66,4.11087386417331
"992",-87.6,41.7,5.27299955856375
"993",-87.7215725,41.800089,7.38150189450671
"994",-87.608722,41.7802575,0
"995",-87.54,41.66,2.30258509299405
"996",-87.62,41.77,4.57471097850338
"997",-87.74,41.95,6.57646956904822
"998",-87.7006675,41.701882,4.61512051684126
"999",-87.5477153333333,41.7300643333333,0.693147180559945
"1000",-87.618713,41.801655,0
"1001",-87.68,41.76,4.57471097850338
"1002",-87.6420305,41.757931,1.09861228866811
"1003",-87.6608245,41.800725,0.693147180559945
"1004",-87.7128768571429,41.9733767142857,1.94591014905531
"1005",-87.802326,41.9469293333333,0.693147180559945
"1006",-87.62,41.68,3.73766961828337
"1007",-87.7609215,41.941442,6.93634273583405
"1008",-87.6986427254902,41.8958129795918,4.18965474202643
"1009",-87.6772763965517,41.9523516964286,8.28551330907974
"1010",-87.64,41.7,4.59511985013459
"1011",-87.68067025,41.6789655,1.38629436111989
"1012",-87.58,41.77,6.10924758276437
"1013",-87.6,41.78,7.98070782086967
"1014",-87.54,41.7,4.40671924726425
"1015",-87.591685,41.702093,2.83321334405622
"1016",-87.6812303333333,41.6911413333333,3.25809653802148
"1017",-87.6509020909091,41.7798973333333,4.67282883446191
"1018",-87.5651026842105,41.7445357368421,4.78749174278205
"1019",-87.63,41.75,4.20469261939097
"1020",-87.681378,41.750206,0
"1021",-87.667469,41.811563,0.693147180559945
"1022",-87.7312875,41.792454,0
"1023",-87.7,42.01,6.46614472423762
"1024",-87.660598,41.8098425,5.34710753071747
"1025",-87.61,41.82,5.37063802812766
"1026",-87.7361376,41.8867134,3.91202300542815
"1027",-87.710505,41.9018666666667,0.693147180559945
"1028",-87.6191513333333,41.792426,5.61677109766657
"1029",-87.73,41.78,6.28785856016178
"1030",-87.7105855,41.8682325,0.693147180559945
"1031",-87.66,41.75,5.4510384535657
"1032",-87.76,41.87,4.34380542185368
"1033",-87.5800261333333,41.7473319285714,3.36729582998647
"1034",-87.6894553561644,41.8995154189189,8.90666440977005
"1035",-87.75150675,41.923063,0
"1036",-87.65,41.82,3.80666248977032
"1037",-87.6,41.66,4.91998092582813
"1038",-87.6191108571429,41.7937695714286,7.37086016653672
"1039",-87.7214959047619,41.9038375,3.46573590279973
"1040",-87.784842,41.9219095,6.30444880242198
"1041",-87.66,41.76,5.06259503302697
"1042",-87.720412,41.851321,0
"1043",-87.69,41.88,6.91869521902047
"1044",-87.542231,41.7316625,3.46573590279973
"1045",-87.730871,41.8002745,5.6970934865054
"1046",-87.645,41.81,6.23832462503951
"1047",-87.7240591538462,41.9684653846154,2.484906649788
"1048",-87.810082,41.988175,0.693147180559945
"1049",-87.83685,41.9774735,2.63905732961526
"1050",-87.7208845,41.74073,0
"1051",-87.67,41.74,3.85014760171006
"1052",-87.76259075,41.7967655,1.09861228866811
"1053",-87.787462,41.777645,0
"1054",-87.761951,41.7864665,2.19722457733622
"1055",-87.82,41.99,1.38629436111989
"1056",-87.71,41.99,7.27239839257005
"1057",-87.7817248333333,41.7772494,2.07944154167984
"1058",-87.6720933333333,41.7477103333333,0.693147180559945
"1059",-87.75804625,41.7754505,2.30258509299405
"1060",-87.72178025,41.757963,1.79175946922805
"1061",-87.7471795,41.990131,1.09861228866811
"1062",-87.8112665,41.9892705,2.07944154167984
"1063",-87.6490455,41.7379735,4.88280192258637
"1064",-87.788791,41.780293,2.39789527279837
"1065",-87.780251,41.9898335,2.77258872223978
"1066",-87.7814843333333,41.9672223333333,0.693147180559945
"1067",-87.82,41.98,1.6094379124341
"1068",-87.7624266666667,41.968436,0.693147180559945
"1069",-87.681859,41.7423763333333,5.50533153593236
"1070",-87.7601303333333,41.968162,0.693147180559945
"1071",-87.8180623333333,42.001544,1.09861228866811
"1072",-87.8075935,42.011793,1.38629436111989
"1073",-87.75,41.95,6.93244789157251
"1074",-87.7712575,41.779693,3.43398720448515
"1075",-87.676863,41.83281,1.79175946922805
"1076",-87.72057775,41.8807745,5.27299955856375
"1077",-87.7421496666667,41.968671,0.693147180559945
"1078",-87.77,41.79,2.484906649788
"1079",-87.781674,41.991172,0
"1080",-87.7567823333333,41.7978036666667,1.09861228866811
"1081",-87.7783265,41.9722255,3.36729582998647
"1082",-87.6813475,41.7504345,0
"1083",-87.7911845,41.991904,0
"1084",-87.71299075,41.987769,1.09861228866811
"1085",-87.7729625,41.79300925,1.09861228866811
"1086",-87.742177,41.969942,0.693147180559945
"1087",-87.5382685,41.6886756666667,5.06259503302697
"1088",-87.6978,41.764396,5.68697535633982
"1089",-87.8010965,41.7849015,0.693147180559945
"1090",-87.6412435,41.690939,5.01063529409626
"1091",-87.7320334444444,41.9901744285714,3.04452243772342
"1092",-87.7520931666667,41.9682433333333,1.6094379124341
"1093",-87.7107435,41.882341,6.44094654063292
"1094",-87.6416253333333,41.6890106666667,0.693147180559945
"1095",-87.80651875,41.9740967142857,2.484906649788
"1096",-87.81,42,2.89037175789616
"1097",-87.7890095,41.9781165,1.09861228866811
"1098",-87.77,42,2.83321334405622
"1099",-87.72,41.98,4.39444915467244
"1100",-87.701557,41.742266,1.38629436111989
"1101",-87.767205,41.7775653333333,1.6094379124341
"1102",-87.7785695,41.951514,6.05678401322862
"1103",-87.7304282,41.778824,1.38629436111989
"1104",-87.6927546666667,41.7641931111111,2.07944154167984
"1105",-87.739799,41.968806,0
"1106",-87.7577908181818,41.9717054545455,2.30258509299405
"1107",-87.7526478,41.9596316,1.38629436111989
"1108",-87.8,41.99,3.61091791264422
"1109",-87.77993625,41.79036475,1.6094379124341
"1110",-87.7671693333333,41.9824033333333,0.693147180559945
"1111",-87.71,41.75,1.38629436111989
"1112",-87.760018,41.7999855,0
"1113",-87.7396215,41.971442,0
"1114",-87.76,42,2.70805020110221
"1115",-87.78253175,41.97671025,2.99573227355399
"1116",-87.7022243333333,41.7812263333333,0.693147180559945
"1117",-87.728815,41.995217,0
"1118",-87.707105,41.753491,0
"1119",-87.709771,41.7409885,1.38629436111989
"1120",-87.7484645,41.990648,1.38629436111989
"1121",-87.8205135,41.9984765,2.484906649788
"1122",-87.738995,41.9899775,2.94443897916644
"1123",-87.7414735,41.9899205,0
"1124",-87.75,41.97,5.10594547390058
"1125",-87.79,41.79,2.07944154167984
"1126",-87.752254,41.990757,1.94591014905531
"1127",-87.719356,41.9900675,0
"1128",-87.7611664545454,41.9687572,6.24416690066374
"1129",-87.7197645,41.9691005,6.50128967054039
"1130",-87.7993796666667,41.990782,1.94591014905531
"1131",-87.779925,41.79034875,0
"1132",-87.6520085,41.7597075,4.85203026391962
"1133",-87.7532606666667,41.9522886666667,0.693147180559945
"1134",-87.79,41.98,2.07944154167984
"1135",-87.7264972,41.9686078,1.38629436111989
"1136",-87.7895625,41.999033,1.38629436111989
"1137",-87.8109675,41.972305,2.56494935746154
"1138",-87.7681644,41.968288,1.38629436111989
"1139",-87.76,41.8,3.49650756146648
"1140",-87.808406,42.011755,0
"1141",-87.7677935,41.9914205,1.94591014905531
"1142",-87.7919375,41.9882895,0.693147180559945
"1143",-87.75,41.96,6.55393340402581
"1144",-87.8192636,42.0111796,1.94591014905531
"1145",-87.7676418333333,41.9600055,3.8286413964891
"1146",-87.6910995,41.737842,2.07944154167984
"1147",-87.7299768,41.968555,6.18826412308259
"1148",-87.7009934,42.0115894,7.09007683577609
"1149",-87.762861,41.9709145,1.09861228866811
"1150",-87.689243,41.762379,2.484906649788
"1151",-87.7314955,41.9691225,0
"1152",-87.74,41.98,3.49650756146648
"1153",-87.66937,41.7370203333333,0.693147180559945
"1154",-87.655,41.76,1.6094379124341
"1155",-87.66,41.73,4.17438726989564
"1156",-87.7021735,41.749624,1.94591014905531
"1157",-87.652765,41.684886,4.04305126783455
"1158",-87.7115515,41.9830195,1.6094379124341
"1159",-87.7602715,41.99979,0
"1160",-87.7716096666667,41.9710416666667,0.693147180559945
"1161",-87.8,41.95,4.66343909411207
"1162",-87.73973825,41.7494566,1.94591014905531
"1163",-87.6717704285714,41.7363914285714,1.94591014905531
"1164",-87.8,41.79,1.6094379124341
"1165",-87.8066916666667,41.9804066666667,0.693147180559945
"1166",-87.8084325,41.9789155,0
"1167",-87.7122143333333,41.96857,0.693147180559945
"1168",-87.78,42.01,1.6094379124341
"1169",-87.7783865,41.7804175,3.46573590279973
"1170",-87.7559922222222,41.8987997777778,5.52545293913178
"1171",-87.64,41.69,5.08759633523238
"1172",-87.7695055,41.978609,3.17805383034795
"1173",-87.67935,41.74927,5.32787616878958
"1174",-87.7,41.74,2.30258509299405
"1175",-87.78,41.79,2.56494935746154
"1176",-87.761432,41.7791185,1.79175946922805
"1177",-87.79,41.95,6.65157187358973
"1178",-87.81,41.98,3.52636052461616
"1179",-87.720144,41.762102,2.484906649788
"1180",-87.5413105,41.701121,0
"1181",-87.8,41.78,1.6094379124341
"1182",-87.81,42.01,0.693147180559945
"1183",-87.79,42,2.07944154167984
"1184",-87.73081625,41.9521195,1.09861228866811
"1185",-87.730763,41.7410435,1.79175946922805
"1186",-87.72,41.89,6.44888939414686
"1187",-87.6407755,41.799695,3.04452243772342
"1188",-87.7810235,41.959405,2.484906649788
"1189",-87.759347,41.966111,0
"1190",-87.84,41.97,3.8286413964891
"1191",-87.7682433333333,41.9579126666667,0.693147180559945
"1192",-87.7517315,41.871448,4.80402104473326
"1193",-87.7710995,41.9516025,6.18001665365257
"1194",-87.740951,41.7580886666667,2.39789527279837
"1195",-87.75722375,41.97842925,2.30258509299405
"1196",-87.7629105,41.997394,0.693147180559945
"1197",-87.7,41.91,8.29154650988391
"1198",-87.818187,42.01149,0
"1199",-87.72,41.74,1.94591014905531
"1200",-87.84,41.98,3.43398720448515
"1201",-87.79,41.99,1.79175946922805
"1202",-87.691286,41.7474625,0
"1203",-87.797695,41.9901455,0
"1204",-87.682954,41.759473,0
"1205",-87.77,41.97,3.09104245335832
"1206",-87.7,41.76,2.07944154167984
"1207",-87.761404,41.981033,2.56494935746154
"1208",-87.7017565,41.792272,0.693147180559945
"1209",-87.8,41.98,0.693147180559945
"1210",-87.8216416666667,41.9930213333333,1.09861228866811
"1211",-87.6549386666667,41.678771,5.01727983681492
"1212",-87.665061,41.810649,0
"1213",-87.69,41.75,1.38629436111989
"1214",-87.74,41.78,4.36944785246702
"1215",-87.76,41.96,5.5834963087817
"1216",-87.702967,41.764575,0.693147180559945
"1217",-87.628827,41.809512,5.08140436498446
"1218",-87.811672,41.9411175,6.10479323241498
"1219",-87.73,41.95,7.12044437239249
"1220",-87.6817065,41.7985145,0
"1221",-87.6406745,41.77987,0
"1222",-87.735,41.8,4.56434819146784
"1223",-87.74,41.97,6.52209279817015
"1224",-87.7721625,41.9815685,0
"1225",-87.72489,41.99375,0
"1226",-87.56,41.75,5.14749447681345
"1227",-87.6,41.81,8.20794694104862
"1228",-87.72,41.78,6.82546003625531
"1229",-87.715,41.89,0
"1230",-87.7274004444444,41.8896096666667,4.99721227376411
"1231",-87.76,41.89,5.33753807970132
"1232",-87.82,41.945,5.9427993751267
"1233",-87.6,41.74,5.64190707093811
"1234",-87.61,41.78,6.9782137426307
"1235",-87.6,41.73,4.18965474202643
"1236",-87.63,41.71,4.40671924726425
"1237",-87.71,41.69,5.67332326717149
"1238",-87.65,41.78,3.97029191355212
"1239",-87.6891493861386,41.9075835784314,0
"1240",-87.59,41.72,2.30258509299405
"1241",-87.53,41.7,4.15888308335967
"1242",-87.77,41.87,4.89034912822175
"1243",-87.63,41.73,3.95124371858143
"1244",-87.7,41.88,6.34738920965601
"1245",-87.56,41.71,3.13549421592915
"1246",-87.56,41.72,1.79175946922805
"1247",-87.64,41.71,4.4188406077966
"1248",-87.7,41.82,6.71659477352098
"1249",-87.8,41.91,5.27299955856375
"1250",-87.56,41.7,3.13549421592915
"1251",-87.54,41.65,3.87120101090789
"1252",-87.64,41.76,4.29045944114839
"1253",-87.67,41.72,4.84418708645859
"1254",-87.72,41.86,5.8171111599632
"1255",-87.62,41.795,1.79175946922805
"1256",-87.73,41.86,5.39816270151775
"1257",-87.67,41.78,6.0730445341004
"1258",-87.6,41.75,5.74620319054015
"1259",-87.575,41.75,0
"1260",-87.54,41.74,2.99573227355399
"1261",-87.72,41.87,4.99721227376411
"1262",-87.72,41.85,6.60258789218934
"1263",-87.63,41.69,4.39444915467244
"1264",-87.75,41.89,5.01727983681492
"1265",-87.765,41.89,0
"1266",-87.57,41.75,6.12686918411419
"1267",-87.61,41.75,6.09582456243222
"1268",-87.62,41.72,5.67332326717149
"1269",-87.62,41.7,4.80402104473326
"1270",-87.61,41.77,5.62401750618734
"1271",-87.62,41.8,5.87211778947542
"1272",-87.61,41.73,3.87120101090789
"1273",-87.72,41.99,3.04452243772342
"1274",-87.59,41.74,4.63472898822964
"1275",-87.73,41.77,5.7268477475872
"1276",-87.57,41.74,4.55387689160054
"1277",-87.65,41.75,4.06044301054642
"1278",-87.64,41.78,4.9272536851572
"1279",-87.58,41.72,3.87120101090789
"1280",-87.58,41.76,5.46806014113513
"1281",-87.64,41.68,4.63472898822964
"1282",-87.62,41.71,4.54329478227
"1283",-87.71,41.89,6.13988455222626
"1284",-87.61,41.71,4.26267987704132
"1285",-87.61,41.74,4.47733681447821
"1286",-87.68,41.68,4.29045944114839
"1287",-87.7,41.99,7.24136628332232
"1288",-87.66,41.78,4.17438726989564
"1289",-87.6,41.65,3.3322045101752
"1290",-87.6710095,41.8510005,6.78558764500793
"1291",-87.58,41.71,1.79175946922805
"1292",-87.61,41.7,4.70953020131233
"1293",-87.73,41.9,6.44730586254121
"1294",-87.62,41.69,4.36944785246702
"1295",-87.6,41.71,5.91620206260743
"1296",-87.72,41.9,6.91473089271856
"1297",-87.68,41.8,6.08449941307517
"1298",-87.76,41.88,5.80211837537706
"1299",-87.54,41.71,3.66356164612965
"1300",-87.6614757916667,41.8721911578947,10.1048761720473
